-- ============================================================
-- FIX: Drop all views and alter tables BEFORE inserting
-- ============================================================
DROP VIEW IF EXISTS product_revenue CASCADE;
DROP VIEW IF EXISTS customer_sales_summary CASCADE;
DROP VIEW IF EXISTS product_current_price CASCADE;

ALTER TABLE product 
  DROP CONSTRAINT IF EXISTS unit_ck,
  DROP CONSTRAINT IF EXISTS product_unit_check,
  ALTER COLUMN description TYPE VARCHAR(255),
  ALTER COLUMN unit TYPE VARCHAR(50);

ALTER TABLE customer 
  ALTER COLUMN custname TYPE VARCHAR(100),
  ALTER COLUMN address TYPE TEXT,
  ALTER COLUMN stamp TYPE TEXT;

-- ============================================================
-- 003: Seed — 52 Products
-- ============================================================
INSERT INTO product (prodcode, description, unit) VALUES
('P001','Bond Paper A4 80gsm (500 sheets)','Ream'),
('P002','Ballpen Blue (12pcs)','Box'),
('P003','Ballpen Black (12pcs)','Box'),
('P004','Ballpen Red (12pcs)','Box'),
('P005','Pencil No.2 (12pcs)','Box'),
('P006','Permanent Marker Black','Piece'),
('P007','Highlighter Yellow','Piece'),
('P008','Correction Fluid','Piece'),
('P009','Stapler Heavy Duty','Piece'),
('P010','Staple Wire No.35','Box'),
('P011','Scotch Tape 1inch','Roll'),
('P012','Scotch Tape 2inch','Roll'),
('P013','Masking Tape 1inch','Roll'),
('P014','Double Sided Tape','Roll'),
('P015','Scissors 8inch','Piece'),
('P016','Paper Clips (100pcs)','Box'),
('P017','Rubber Bands Assorted','Pack'),
('P018','Folder Long (50pcs)','Pack'),
('P019','Folder Short (50pcs)','Pack'),
('P020','Expanding Folder Long','Piece'),
('P021','Notebook Spiral 80 leaves','Piece'),
('P022','Sticky Notes 3x3 (4 pads)','Pack'),
('P023','White Board Marker','Piece'),
('P024','Ink Refill Black 30ml','Bottle'),
('P025','Ink Refill Blue 30ml','Bottle'),
('P026','Envelopes Long (100pcs)','Box'),
('P027','Envelopes Short (100pcs)','Box'),
('P028','Record Book 500 pages','Piece'),
('P029','Columnar Book 14 cols','Piece'),
('P030','Ledger Book','Piece'),
('P031','Puncher 2-hole','Piece'),
('P032','Calculator 12-digit','Piece'),
('P033','USB Flash Drive 32GB','Piece'),
('P034','USB Flash Drive 64GB','Piece'),
('P035','Wireless Mouse','Piece'),
('P036','USB Keyboard','Piece'),
('P037','HDMI Cable 1.8m','Piece'),
('P038','Extension Cord 3-outlet','Piece'),
('P039','Padlock 50mm','Piece'),
('P040','File Cabinet Lock','Piece'),
('P041','Whiteboard 3x4ft','Piece'),
('P042','Corkboard 2x3ft','Piece'),
('P043','Thumbtacks (100pcs)','Box'),
('P044','Rubber Stamp Inkpad Red','Piece'),
('P045','Rubber Stamp Inkpad Blue','Piece'),
('P046','Binding Machine A4','Piece'),
('P047','Laminator A4','Piece'),
('P048','Stamp Pad Ink Refill','Bottle'),
('P049','Paper Shredder Strip-Cut','Piece'),
('P050','Label Sticker A4 (25 pcs)','Pack'),
('P051','Toner Cartridge Black','Piece'),
('P052','Ink Cartridge Colored','Piece')
ON CONFLICT (prodcode) DO NOTHING;
-- ============================================================
-- 004: Seed — 70 Price History Entries
-- ============================================================
INSERT INTO pricehist (effdate, prodcode, unitprice) VALUES
-- Paper & Writing
('2023-01-01','P001',220.00),('2024-01-01','P001',245.00),('2025-01-01','P001',265.00),
('2023-01-01','P002',55.00), ('2024-06-01','P002',60.00),
('2023-01-01','P003',55.00), ('2024-06-01','P003',60.00),
('2023-01-01','P004',55.00),
('2023-01-01','P005',48.00), ('2024-01-01','P005',52.00),
('2023-01-01','P006',35.00),
('2023-01-01','P007',28.00), ('2025-01-01','P007',32.00),
('2023-01-01','P008',22.00),
('2023-01-01','P009',185.00),('2024-01-01','P009',195.00),
('2023-01-01','P010',38.00), ('2025-01-01','P010',42.00),
-- Tapes & Adhesives
('2023-01-01','P011',18.00),
('2023-01-01','P012',28.00),
('2023-01-01','P013',22.00), ('2025-01-01','P013',25.00),
('2023-01-01','P014',45.00),
('2023-01-01','P015',55.00),
('2023-01-01','P016',22.00),
('2023-01-01','P017',18.00),
-- Files & Folders
('2023-01-01','P018',120.00),('2024-01-01','P018',135.00),
('2023-01-01','P019',98.00), ('2024-01-01','P019',110.00),
('2023-01-01','P020',42.00),
('2023-01-01','P021',68.00), ('2025-01-01','P021',75.00),
('2023-01-01','P022',85.00),
('2023-01-01','P023',38.00),
('2023-01-01','P024',45.00), ('2025-01-01','P024',50.00),
('2023-01-01','P025',45.00),
-- Envelopes & Books
('2023-01-01','P026',145.00),('2024-01-01','P026',160.00),
('2023-01-01','P027',120.00),('2024-01-01','P027',135.00),
('2023-01-01','P028',185.00),('2025-01-01','P028',198.00),
('2023-01-01','P029',155.00),
('2023-01-01','P030',175.00),
-- Office Tools
('2023-01-01','P031',125.00),
('2023-01-01','P032',380.00),('2024-01-01','P032',420.00),
('2023-01-01','P033',285.00),('2025-01-01','P033',265.00),
('2023-01-01','P034',450.00),('2025-01-01','P034',420.00),
-- Tech
('2023-01-01','P035',580.00),('2025-01-01','P035',620.00),
('2023-01-01','P036',450.00),
('2023-01-01','P037',185.00),
('2023-01-01','P038',245.00),('2024-01-01','P038',265.00),
('2023-01-01','P039',120.00),
('2023-01-01','P040',185.00),
-- Big Items
('2023-01-01','P041',2800.00),('2024-06-01','P041',3200.00),
('2023-01-01','P042',1850.00),
('2023-01-01','P043',28.00),
('2023-01-01','P044',65.00),
('2023-01-01','P045',65.00),
('2023-01-01','P046',3800.00),('2025-01-01','P046',4200.00),
('2023-01-01','P047',2200.00),('2025-01-01','P047',2500.00),
('2023-01-01','P048',55.00),
('2023-01-01','P049',4500.00),
('2023-01-01','P050',85.00), ('2025-01-01','P050',92.00),
('2023-01-01','P051',1850.00),('2024-01-01','P051',1950.00),
('2023-01-01','P052',680.00), ('2024-01-01','P052',720.00)
ON CONFLICT (effdate, prodcode) DO NOTHING;
-- ============================================================
-- 005: Seed — 82 Customers
-- ============================================================

INSERT INTO customer (custno, custname, address, payterm, record_status, stamp) VALUES
('C001','Reyes Trading Co.','123 Rizal Ave, Quezon City','COD','ACTIVE','Created 2023-01-15 | by: admin'),
('C002','Santos General Merchandise','456 Mabini St, Manila','30D','ACTIVE','Created 2023-01-20 | by: admin'),
('C003','Dela Cruz Office Supply','789 Bonifacio Blvd, Makati','45D','ACTIVE','Created 2023-02-01 | by: admin'),
('C004','Garcia Enterprises','22 Aguinaldo St, Pasig','COD','ACTIVE','Created 2023-02-10 | by: admin'),
('C005','Lim Brothers Trading','88 Quezon Blvd, Mandaluyong','30D','ACTIVE','Created 2023-02-15 | by: admin'),
('C006','Villanueva & Sons','34 Magsaysay Ave, Taguig','45D','ACTIVE','Created 2023-03-01 | by: admin'),
('C007','Mendoza Commercial','12 Luna St, Pasay','COD','ACTIVE','Created 2023-03-10 | by: admin'),
('C008','Flores Wholesale Center','67 Roxas Blvd, Manila','30D','ACTIVE','Created 2023-03-15 | by: admin'),
('C009','Cruz & Partners Inc.','90 EDSA, Caloocan','45D','ACTIVE','Created 2023-04-01 | by: admin'),
('C010','Aquino Office Solutions','15 Katipunan Ave, QC','COD','ACTIVE','Created 2023-04-10 | by: admin'),
('C011','Ramos School Supplies','55 Aurora Blvd, Cubao','30D','ACTIVE','Created 2023-04-20 | by: admin'),
('C012','Bautista Paper Corp.','77 Ortigas Ave, Pasig','45D','ACTIVE','Created 2023-05-01 | by: admin'),
('C013','Castillo Stationery Hub','33 España Blvd, Manila','COD','ACTIVE','Created 2023-05-10 | by: admin'),
('C014','Torres Office Depot','44 Shaw Blvd, Mandaluyong','30D','ACTIVE','Created 2023-05-15 | by: admin'),
('C015','Hernandez Supplies Co.','19 Commonwealth Ave, QC','45D','ACTIVE','Created 2023-06-01 | by: admin'),
('C016','Morales Bookstore','28 Taft Ave, Manila','COD','ACTIVE','Created 2023-06-10 | by: admin'),
('C017','Navarro Office Works','63 Ayala Ave, Makati','30D','ACTIVE','Created 2023-06-20 | by: admin'),
('C018','Rivera Depot Inc.','81 Paseo de Roxas, Makati','45D','ACTIVE','Created 2023-07-01 | by: admin'),
('C019','Gonzales Paper & More','42 P. Burgos St, Manila','COD','ACTIVE','Created 2023-07-10 | by: admin'),
('C020','Marquez Trading Corp.','56 Leveriza St, Pasay','30D','ACTIVE','Created 2023-07-20 | by: admin'),
('C021','Perez Wholesale','74 Osmeña Hwy, Manila','45D','ACTIVE','Created 2023-08-01 | by: admin'),
('C022','Jimenez Office Mart','31 Quirino Ave, Manila','COD','ACTIVE','Created 2023-08-10 | by: admin'),
('C023','Lopez & Cruz Supplies','58 Harrison St, Pasay','30D','ACTIVE','Created 2023-08-20 | by: admin'),
('C024','Ramirez General Store','92 Buendia Ave, Makati','45D','ACTIVE','Created 2023-09-01 | by: admin'),
('C025','Reyes & Reyes Co.','17 Legaspi St, Makati','COD','ACTIVE','Created 2023-09-10 | by: admin'),
('C026','Cabrera Printing Supplies','39 Dela Rosa St, Makati','30D','ACTIVE','Created 2023-09-20 | by: admin'),
('C027','Soriano Enterprises','62 Salcedo St, Makati','45D','ACTIVE','Created 2023-10-01 | by: admin'),
('C028','Aguilar Paper Products','84 Gil Puyat Ave, Makati','COD','ACTIVE','Created 2023-10-10 | by: admin'),
('C029','Tolentino Trading','25 V. Luna Rd, QC','30D','ACTIVE','Created 2023-10-20 | by: admin'),
('C030','Velasco Merchandise','71 Timog Ave, QC','45D','ACTIVE','Created 2023-11-01 | by: admin'),
('C031','Delos Reyes Corp.','46 Scout Borromeo, QC','COD','ACTIVE','Created 2023-11-10 | by: admin'),
('C032','Magno Supplies Inc.','89 Mother Ignacia Ave, QC','30D','ACTIVE','Created 2023-11-20 | by: admin'),
('C033','Pascual & Co.','13 Kalayaan Ave, QC','45D','ACTIVE','Created 2023-12-01 | by: admin'),
('C034','Espino Office Center','50 Eastwood Ave, Pasig','COD','ACTIVE','Created 2023-12-10 | by: admin'),
('C035','Domingo Industrial','66 C5 Rd, Taguig','30D','ACTIVE','Created 2023-12-20 | by: admin'),
('C036','Medina Commercial','38 Mckinley Rd, Taguig','45D','ACTIVE','Created 2024-01-05 | by: admin'),
('C037','Diaz Wholesale Store','75  26th St, BGC Taguig','COD','ACTIVE','Created 2024-01-15 | by: admin'),
('C038','Gutierrez Trading','29  32nd St, BGC Taguig','30D','ACTIVE','Created 2024-01-25 | by: admin'),
('C039','Alvarez Paper Mart','52 Upper McKinley, Taguig','45D','ACTIVE','Created 2024-02-05 | by: admin'),
('C040','Padilla & Sons','16 Lawton Ave, Taguig','COD','ACTIVE','Created 2024-02-15 | by: admin'),
('C041','Herrera Office Plus','83 Veterans Ave, Manila','30D','ACTIVE','Created 2024-02-25 | by: admin'),
('C042','Salazar Merchandise','27 Concepcion St, Malabon','45D','ACTIVE','Created 2024-03-05 | by: admin'),
('C043','Corpuz Supplies','61 Rizal Ave Ext, Caloocan','COD','ACTIVE','Created 2024-03-15 | by: admin'),
('C044','Manalo Trading','94 Dagupan St, Tondo Manila','30D','ACTIVE','Created 2024-03-25 | by: admin'),
('C045','Buenaventura Inc.','18 Divisoria, Manila','45D','ACTIVE','Created 2024-04-05 | by: admin'),
('C046','Ocampo Wholesale','48 Sto. Cristo St, Binondo','COD','ACTIVE','Created 2024-04-15 | by: admin'),
('C047','Gregorio Office Supply','76 Yuchengco St, Manila','30D','ACTIVE','Created 2024-04-25 | by: admin'),
('C048','Evangelista Trading','32 Soler St, Binondo','45D','ACTIVE','Created 2024-05-05 | by: admin'),
('C049','Santiago Paper Co.','59 Escolta St, Manila','COD','ACTIVE','Created 2024-05-15 | by: admin'),
('C050','De Leon Enterprises','87 R. Hidalgo St, Quiapo','30D','ACTIVE','Created 2024-05-25 | by: admin'),
('C051','Mercado Trading Corp.','23 Carriedo St, Quiapo','45D','ACTIVE','Created 2024-06-05 | by: admin'),
('C052','Ilagan Office Mart','54 Quezon Blvd, Quiapo','COD','ACTIVE','Created 2024-06-15 | by: admin'),
('C053','Isidro Supplies Center','79 P. Casal St, Quiapo','30D','ACTIVE','Created 2024-06-25 | by: admin'),
('C054','Peralta General Merch.','35 Lacson St, Sampaloc','45D','ACTIVE','Created 2024-07-05 | by: admin'),
('C055','Atienza Trading','68 España St, Sampaloc','COD','ACTIVE','Created 2024-07-15 | by: admin'),
('C056','Javier Commercial','91 P. Noval St, Sampaloc','30D','ACTIVE','Created 2024-07-25 | by: admin'),
('C057','Miranda & Sons','44 M. Dela Fuente, Sampaloc','45D','ACTIVE','Created 2024-08-05 | by: admin'),
('C058','Bonifacio Depot','69 Antipolo St, Sampaloc','COD','ACTIVE','Created 2024-08-15 | by: admin'),
('C059','Lucero Printing Store','96 Mayon Ave, QC','30D','ACTIVE','Created 2024-08-25 | by: admin'),
('C060','Dela Peña Trading','21 Roosevelt Ave, QC','45D','ACTIVE','Created 2024-09-05 | by: admin'),
('C061','Calma Supplies','53 Don Mariano, QC','COD','ACTIVE','Created 2024-09-15 | by: admin'),
('C062','Panganiban Office Hub','78 Batangas St, QC','30D','ACTIVE','Created 2024-09-25 | by: admin'),
('C063','Espiritu Wholesale','37 Maligaya St, QC','45D','ACTIVE','Created 2024-10-05 | by: admin'),
('C064','Villafuerte Trading','65 Sct. Ybardolaza, QC','COD','ACTIVE','Created 2024-10-15 | by: admin'),
('C065','Viray Commercial','88 Sct. Gandia, QC','30D','ACTIVE','Created 2024-10-25 | by: admin'),
('C066','Pangan Supplies Inc.','43 Retiro St, QC','45D','ACTIVE','Created 2024-11-05 | by: admin'),
('C067','Catindig Trading','70 N. Domingo St, QC','COD','ACTIVE','Created 2024-11-15 | by: admin'),
('C068','Bernal Paper Mart','95 10th St, New Manila QC','30D','ACTIVE','Created 2024-11-25 | by: admin'),
('C069','Advincula Goods','26 Gilmore Ave, QC','45D','ACTIVE','Created 2024-12-05 | by: admin'),
('C070','Chua Office Supply','57 Brooklyn Ave, QC','COD','ACTIVE','Created 2024-12-15 | by: admin'),
('C071','Tan Wholesale Center','82 White Plains, QC','30D','ACTIVE','Created 2024-12-25 | by: admin'),
('C072','Uy General Merch.','14 Granada St, QC','45D','ACTIVE','Created 2025-01-05 | by: admin'),
('C073','Go Trading Corp.','40 Annapolis St, QC','COD','ACTIVE','Created 2025-01-15 | by: admin'),
('C074','Lao Brothers Inc.','73 Araneta Ave, QC','30D','ACTIVE','Created 2025-01-25 | by: admin'),
('C075','Dy Commercial','36 J. Ruiz St, San Juan','45D','ACTIVE','Created 2025-02-05 | by: admin'),
('C076','King Office Products','60 F. Blumentritt, San Juan','COD','ACTIVE','Created 2025-02-15 | by: admin'),
('C077','Chan & Associates','85 N. Domingo, San Juan','30D','ACTIVE','Created 2025-02-25 | by: admin'),
('C078','Wong Trading','20 Pioneer St, Mandaluyong','45D','ACTIVE','Created 2025-03-05 | by: admin'),
('C079','Ong Supplies Co.','47 Boni Ave, Mandaluyong','COD','ACTIVE','Created 2025-03-15 | by: admin'),
('C080','Alcantara Office Depot','72 Shaw Blvd, Mandaluyong','30D','ACTIVE','Created 2025-03-25 | by: admin'),
('C081','Baluyot Merchandise','34 Wack-Wack, Mandaluyong','45D','ACTIVE','Created 2025-04-05 | by: admin'),
('C082','Lirio Trading Inc.','58 San Miguel Ave, Pasig','COD','ACTIVE','Created 2025-04-15 | by: admin')
ON CONFLICT (custno) DO NOTHING;
-- ============================================================
-- 006: Seed — 124 Sales Transactions
-- ============================================================
INSERT INTO sales (transno, salesdate, custno, empno) VALUES
('T001','2023-01-15','C001','E01'),('T002','2023-01-18','C005','E02'),
('T003','2023-01-22','C003','E01'),('T004','2023-02-01','C010','E03'),
('T005','2023-02-05','C002','E02'),('T006','2023-02-10','C007','E01'),
('T007','2023-02-14','C012','E04'),('T008','2023-02-20','C008','E03'),
('T009','2023-03-01','C015','E02'),('T010','2023-03-05','C004','E01'),
('T011','2023-03-10','C020','E04'),('T012','2023-03-14','C001','E02'),
('T013','2023-03-20','C009','E03'),('T014','2023-04-01','C018','E01'),
('T015','2023-04-05','C006','E02'),('T016','2023-04-10','C025','E04'),
('T017','2023-04-15','C011','E03'),('T018','2023-04-20','C030','E01'),
('T019','2023-05-01','C014','E02'),('T020','2023-05-05','C022','E04'),
('T021','2023-05-10','C003','E01'),('T022','2023-05-15','C035','E03'),
('T023','2023-05-20','C017','E02'),('T024','2023-06-01','C040','E01'),
('T025','2023-06-05','C001','E04'),('T026','2023-06-10','C016','E02'),
('T027','2023-06-15','C045','E03'),('T028','2023-06-20','C028','E01'),
('T029','2023-07-01','C033','E02'),('T030','2023-07-05','C050','E04'),
('T031','2023-07-10','C005','E01'),('T032','2023-07-15','C019','E03'),
('T033','2023-07-20','C055','E02'),('T034','2023-08-01','C013','E01'),
('T035','2023-08-05','C060','E04'),('T036','2023-08-10','C024','E02'),
('T037','2023-08-15','C038','E03'),('T038','2023-08-20','C001','E01'),
('T039','2023-09-01','C043','E02'),('T040','2023-09-05','C029','E04'),
('T041','2023-09-10','C065','E01'),('T042','2023-09-15','C007','E03'),
('T043','2023-09-20','C070','E02'),('T044','2023-10-01','C034','E01'),
('T045','2023-10-05','C048','E04'),('T046','2023-10-10','C010','E02'),
('T047','2023-10-15','C075','E03'),('T048','2023-10-20','C021','E01'),
('T049','2023-11-01','C056','E02'),('T050','2023-11-05','C080','E04'),
('T051','2023-11-10','C001','E01'),('T052','2023-11-15','C036','E03'),
('T053','2023-11-20','C062','E02'),('T054','2023-12-01','C015','E01'),
('T055','2023-12-05','C041','E04'),('T056','2023-12-10','C002','E02'),
('T057','2023-12-15','C067','E03'),('T058','2023-12-20','C005','E01'),
('T059','2024-01-05','C023','E02'),('T060','2024-01-10','C073','E04'),
('T061','2024-01-15','C001','E01'),('T062','2024-01-20','C047','E03'),
('T063','2024-01-25','C058','E02'),('T064','2024-02-01','C082','E01'),
('T065','2024-02-05','C031','E04'),('T066','2024-02-10','C010','E02'),
('T067','2024-02-15','C063','E03'),('T068','2024-02-20','C018','E01'),
('T069','2024-03-01','C037','E02'),('T070','2024-03-05','C001','E04'),
('T071','2024-03-10','C071','E01'),('T072','2024-03-15','C044','E03'),
('T073','2024-03-20','C025','E02'),('T074','2024-04-01','C052','E01'),
('T075','2024-04-05','C076','E04'),('T076','2024-04-10','C003','E02'),
('T077','2024-04-15','C059','E03'),('T078','2024-04-20','C020','E01'),
('T079','2024-05-01','C077','E02'),('T080','2024-05-05','C064','E04'),
('T081','2024-05-10','C001','E01'),('T082','2024-05-15','C039','E03'),
('T083','2024-05-20','C078','E02'),('T084','2024-06-01','C050','E01'),
('T085','2024-06-05','C014','E04'),('T086','2024-06-10','C079','E02'),
('T087','2024-06-15','C030','E03'),('T088','2024-06-20','C005','E01'),
('T089','2024-07-01','C080','E02'),('T090','2024-07-05','C001','E04'),
('T091','2024-07-10','C016','E01'),('T092','2024-07-15','C040','E03'),
('T093','2024-07-20','C081','E02'),('T094','2024-08-01','C055','E01'),
('T095','2024-08-05','C033','E04'),('T096','2024-08-10','C010','E02'),
('T097','2024-08-15','C082','E03'),('T098','2024-08-20','C028','E01'),
('T099','2024-09-01','C001','E02'),('T100','2024-09-05','C071','E04'),
('T101','2024-09-10','C043','E01'),('T102','2024-09-15','C065','E03'),
('T103','2024-09-20','C005','E02'),('T104','2024-10-01','C022','E01'),
('T105','2024-10-05','C047','E04'),('T106','2024-10-10','C001','E02'),
('T107','2024-10-15','C060','E03'),('T108','2024-10-20','C015','E01'),
('T109','2024-11-01','C037','E02'),('T110','2024-11-05','C073','E04'),
('T111','2024-11-10','C001','E01'),('T112','2024-11-15','C050','E03'),
('T113','2024-11-20','C010','E02'),('T114','2024-12-01','C003','E01'),
('T115','2024-12-05','C078','E04'),('T116','2024-12-10','C005','E02'),
('T117','2024-12-15','C001','E03'),('T118','2024-12-20','C020','E01'),
('T119','2025-01-05','C082','E02'),('T120','2025-01-15','C071','E04'),
('T121','2025-02-01','C001','E01'),('T122','2025-02-15','C010','E03'),
('T123','2025-03-01','C005','E02'),('T124','2025-04-01','C001','E04')
ON CONFLICT (transno) DO NOTHING;
-- ============================================================
-- 007: Seed — 250 Sales Detail Line Items
-- ============================================================
INSERT INTO salesdetail (transno, prodcode, quantity) VALUES
('T001','P001',10),('T001','P002',5),('T001','P011',3),
('T002','P003',8),('T002','P018',4),
('T003','P001',20),('T003','P005',6),('T003','P022',2),
('T004','P009',2),('T004','P010',5),('T004','P031',1),
('T005','P002',10),('T005','P004',10),('T005','P007',5),
('T006','P021',3),('T006','P028',2),
('T007','P032',1),('T007','P033',2),('T007','P035',1),
('T008','P001',15),('T008','P018',6),('T008','P019',6),
('T009','P006',4),('T009','P023',3),('T009','P041',1),
('T010','P001',25),('T010','P002',8),
('T011','P011',10),('T011','P012',5),('T011','P013',5),
('T012','P001',30),('T012','P005',10),
('T013','P026',5),('T013','P027',5),('T013','P028',3),
('T014','P035',2),('T014','P036',2),('T014','P037',3),
('T015','P001',12),('T015','P021',4),('T015','P022',3),
('T016','P009',3),('T016','P010',8),
('T017','P002',15),('T017','P003',15),('T017','P004',15),
('T018','P018',10),('T018','P020',5),
('T019','P001',18),('T019','P016',20),('T019','P017',10),
('T020','P032',2),('T020','P034',1),
('T021','P001',22),('T021','P011',8),
('T022','P029',2),('T022','P030',1),('T022','P031',1),
('T023','P007',10),('T023','P008',5),('T023','P024',3),
('T024','P033',3),('T024','P038',2),
('T025','P001',35),('T025','P002',12),('T025','P005',8),
('T026','P042',1),('T026','P043',5),
('T027','P001',10),('T027','P018',5),
('T028','P051',1),('T028','P052',2),
('T029','P001',20),('T029','P011',12),('T029','P012',6),
('T030','P009',4),('T030','P031',2),
('T031','P002',20),('T031','P003',20),
('T032','P021',5),('T032','P022',4),('T032','P028',2),
('T033','P001',14),('T033','P016',15),
('T034','P035',1),('T034','P036',1),('T034','P038',1),
('T035','P001',16),('T035','P005',12),
('T036','P026',8),('T036','P027',8),
('T037','P007',8),('T037','P023',5),
('T038','P001',40),('T038','P002',15),('T038','P018',8),
('T039','P009',2),('T039','P010',6),
('T040','P029',3),('T040','P030',2),
('T041','P001',12),('T041','P011',10),
('T042','P032',1),('T042','P033',1),('T042','P035',1),
('T043','P021',6),('T043','P022',6),
('T044','P018',12),('T044','P019',12),
('T045','P001',25),('T045','P005',10),('T045','P007',6),
('T046','P001',30),('T046','P002',10),
('T047','P051',2),('T047','P052',3),
('T048','P011',15),('T048','P012',8),('T048','P013',8),
('T049','P028',4),('T049','P029',3),
('T050','P032',3),('T050','P034',2),('T050','P037',2),
('T051','P001',45),('T051','P018',10),('T051','P019',10),
('T052','P009',5),('T052','P010',10),
('T053','P001',18),('T053','P005',8),
('T054','P021',8),('T054','P022',8),('T054','P028',4),
('T055','P035',3),('T055','P036',3),
('T056','P001',22),('T056','P002',18),
('T057','P026',10),('T057','P027',10),
('T058','P001',28),('T058','P011',12),
('T059','P007',12),('T059','P023',8),('T059','P024',5),
('T060','P032',2),('T060','P033',4),
('T061','P001',50),('T061','P002',20),('T061','P005',15),
('T062','P018',15),('T062','P020',8),
('T063','P009',6),('T063','P031',3),
('T064','P001',15),('T064','P016',25),
('T065','P021',10),('T065','P022',10),
('T066','P001',35),('T066','P002',12),
('T067','P051',1),('T067','P052',1),
('T068','P011',20),('T068','P012',10),('T068','P013',10),
('T069','P029',5),('T069','P030',3),
('T070','P001',55),('T070','P018',15),('T070','P019',15),
('T071','P032',4),('T071','P035',2),
('T072','P007',15),('T072','P008',8),
('T073','P001',25),('T073','P011',15),
('T074','P026',12),('T074','P027',12),
('T075','P033',5),('T075','P034',3),('T075','P038',3),
('T076','P001',20),('T076','P005',15),('T076','P022',5),
('T077','P009',8),('T077','P010',15),
('T078','P021',12),('T078','P028',6),
('T079','P001',30),('T079','P002',20),
('T080','P035',4),('T080','P036',4),('T080','P037',4),
('T081','P001',60),('T081','P018',20),('T081','P019',20),
('T082','P011',18),('T082','P012',12),
('T083','P051',3),('T083','P052',4),
('T084','P001',22),('T084','P005',10),
('T085','P029',6),('T085','P030',4),
('T086','P007',18),('T086','P023',10),
('T087','P001',38),('T087','P002',15),
('T088','P026',15),('T088','P027',15),
('T089','P032',5),('T089','P033',6),
('T090','P001',65),('T090','P018',22),('T090','P019',22),
('T091','P009',10),('T091','P031',5),
('T092','P021',15),('T092','P022',15),
('T093','P001',28),('T093','P011',20),
('T094','P016',30),('T094','P017',15),
('T095','P051',4),('T095','P052',5),
('T096','P001',42),('T096','P002',22),('T096','P005',18),
('T097','P035',5),('T097','P036',5),
('T098','P028',8),('T098','P029',7),
('T099','P001',70),('T099','P018',25),('T099','P019',25),
('T100','P032',6),('T100','P034',4),
('T101','P007',20),('T101','P008',10),('T101','P024',8),
('T102','P001',32),('T102','P011',22),
('T103','P026',18),('T103','P027',18),
('T104','P001',24),('T104','P005',12),
('T105','P009',12),('T105','P010',20),
('T106','P001',75),('T106','P002',25),('T106','P018',28),
('T107','P033',8),('T107','P038',5),
('T108','P021',18),('T108','P022',18),('T108','P028',8),
('T109','P051',5),('T109','P052',6),
('T110','P001',48),('T110','P019',30),
('T111','P001',80),('T111','P018',30),('T111','P019',30),
('T112','P035',6),('T112','P036',6),('T112','P037',6),
('T113','P001',36),('T113','P002',28),
('T114','P011',25),('T114','P012',15),
('T115','P029',8),('T115','P030',6),
('T116','P001',44),('T116','P005',20),
('T117','P001',85),('T117','P018',32),('T117','P019',32),
('T118','P026',20),('T118','P027',20),
('T119','P032',8),('T119','P033',10),
('T120','P001',52),('T120','P002',30),
('T121','P001',90),('T121','P018',35),('T121','P019',35),
('T122','P007',25),('T122','P023',15),
('T123','P001',40),('T123','P011',28),
('T124','P001',100),('T124','P018',40),('T124','P019',40)
ON CONFLICT (transno, prodcode) DO NOTHING;

-- ============================================================
-- FIX: Recreate all views
-- ============================================================

-- View 1: product_current_price
CREATE OR REPLACE VIEW product_current_price AS
SELECT
  p.prodcode,
  p.description,
  p.unit,
  ph.unitprice AS current_price,
  ph.effdate   AS price_as_of
FROM product p
JOIN pricehist ph ON ph.prodcode = p.prodcode
WHERE ph.effdate = (
  SELECT MAX(ph2.effdate)
  FROM pricehist ph2
  WHERE ph2.prodcode = p.prodcode
);

-- View 2: customer_sales_summary
CREATE OR REPLACE VIEW customer_sales_summary AS
SELECT
  c.custno,
  c.custname,
  c.address,
  c.payterm,
  COUNT(DISTINCT s.transno)                          AS total_transactions,
  COALESCE(SUM(sd.quantity * ph.unitprice), 0)       AS total_spend
FROM customer c
LEFT JOIN sales s ON s.custno = c.custno
LEFT JOIN salesdetail sd ON sd.transno = s.transno
LEFT JOIN (
  SELECT ph1.prodcode, ph1.unitprice, ph1.effdate
  FROM pricehist ph1
  WHERE ph1.effdate = (
    SELECT MAX(ph2.effdate) FROM pricehist ph2 WHERE ph2.prodcode = ph1.prodcode
  )
) ph ON ph.prodcode = sd.prodcode
WHERE c.record_status = 'ACTIVE'
GROUP BY c.custno, c.custname, c.address, c.payterm;

-- View 3: product_revenue
CREATE OR REPLACE VIEW product_revenue AS
SELECT
  p.prodcode,
  p.description,
  p.unit,
  COALESCE(SUM(sd.quantity), 0)                        AS total_qty_sold,
  COALESCE(SUM(sd.quantity * pcp.current_price), 0)    AS total_revenue
FROM product p
LEFT JOIN salesdetail sd ON sd.prodcode = p.prodcode
LEFT JOIN product_current_price pcp ON pcp.prodcode = p.prodcode
GROUP BY p.prodcode, p.description, p.unit
ORDER BY total_revenue DESC;
